0,20,7542,42-7-2-30-23-20-50-29-16-46-44-34-35-36-39-40-37-38-48-24-5-15-6-4-25-12-28-27-26-47-13-14-52-11-51-33-43-10-9-8-41-19-45-32-49-1-22-31-18-3-17-21-42,7542,2320,0,0.01923076994717121,0.00046227811253629625,0.9807692170143127,1.0,8.0
0,21,7542,16-46-44-34-35-36-39-40-37-38-48-24-5-15-6-4-25-12-28-27-26-47-13-14-52-11-51-33-43-10-9-8-41-19-45-32-49-1-22-31-18-3-17-21-42-7-2-30-23-20-50-29-16,7542,3836,0,0.01923076994717121,0.0005778476479463279,0.9807692170143127,1.0,8.0
0,32,7542,23-20-50-29-16-46-44-34-35-36-39-40-37-38-48-24-5-15-6-4-25-12-28-27-26-47-13-14-52-11-51-33-43-10-9-8-41-19-45-32-49-1-22-31-18-3-17-21-42-7-2-30-23,7542,4659,0,0.01923076994717121,0.00046227811253629625,0.9807692170143127,1.0,8.0
0,4,7542,16-46-44-34-35-36-39-40-38-37-48-24-5-15-6-4-25-12-28-27-26-47-13-14-52-11-51-33-43-10-9-8-41-19-45-32-49-1-22-31-18-3-17-21-42-7-2-30-23-20-50-29-16,7547,1000000,0,0.01923076994717121,0.9116828441619873,0.9807692170143127,1.0,8.0
0,0,7542,16-46-44-34-35-36-39-40-38-37-48-24-5-15-6-4-25-12-28-27-26-47-13-14-52-11-51-33-43-10-9-8-41-19-45-32-49-1-22-31-18-3-17-21-42-7-2-30-23-20-50-29-16,7547,1000000,0,0.01923076994717121,0.9116828441619873,0.9807692170143127,1.0,8.0
0,1,7542,30-23-20-50-29-16-46-44-34-35-36-39-40-38-37-48-24-5-15-6-4-25-12-28-27-26-47-13-14-52-11-51-33-43-10-9-8-41-19-45-32-49-1-22-31-18-3-17-21-42-7-2-30,7547,1000000,0,0.01923076994717121,0.9116828441619873,0.9807692170143127,1.0,8.0
0,16,7542,16-46-44-34-35-36-39-40-38-37-48-24-5-15-6-4-25-12-28-27-26-47-13-14-52-11-51-33-43-10-9-8-41-19-45-32-49-1-22-31-18-3-17-21-42-7-2-30-23-20-50-29-16,7547,1000000,0,0.01923076994717121,0.9116828441619873,0.9807692170143127,1.0,8.0
0,3,7542,30-23-20-50-29-16-46-44-34-35-36-39-37-38-40-48-24-5-15-6-4-25-12-28-27-26-47-13-14-52-11-51-33-43-10-9-8-41-19-45-32-49-1-22-31-18-3-17-21-42-7-2-30,7581,1000000,0,0.01923076994717121,0.9116828441619873,0.9807692170143127,1.0,8.0
0,9,7542,42-7-2-30-23-20-50-29-16-46-44-34-35-36-39-40-38-37-48-24-5-15-6-4-25-12-28-27-26-47-13-14-52-11-51-33-43-10-9-8-41-19-45-32-49-1-22-31-18-3-17-21-42,7547,1000000,0,0.01923076994717121,0.9116828441619873,0.9807692170143127,1.0,8.0
0,12,7542,16-46-44-34-35-36-39-40-38-37-48-24-5-15-6-4-25-12-28-27-26-47-13-14-52-11-51-33-43-10-9-8-41-19-45-32-49-1-22-31-18-3-17-21-42-7-2-30-23-20-50-29-16,7547,1000000,0,0.01923076994717121,0.9116828441619873,0.9807692170143127,1.0,8.0
0,15,7542,30-23-20-50-29-16-46-44-34-35-36-39-40-38-37-48-24-5-15-6-4-25-12-28-27-26-47-13-14-52-11-51-33-43-10-9-8-41-19-45-32-49-1-22-31-18-3-17-21-42-7-2-30,7547,1000000,0,0.01923076994717121,0.9116828441619873,0.9807692170143127,1.0,8.0
0,19,7542,23-20-50-29-16-46-44-34-35-36-39-40-38-37-48-24-5-15-6-4-25-12-28-27-26-47-13-14-52-11-51-33-43-10-9-8-41-19-45-32-49-1-22-31-18-3-17-21-42-7-2-30-23,7547,1000000,0,0.01923076994717121,0.9116828441619873,0.9807692170143127,1.0,8.0
0,6,7542,16-46-44-34-35-36-39-40-38-37-48-24-5-15-6-4-25-12-28-27-26-47-13-14-52-11-51-33-43-10-9-8-41-19-45-32-49-1-22-31-18-3-17-21-42-7-2-30-23-20-50-29-16,7547,1000000,0,0.01923076994717121,0.9116828441619873,0.9807692170143127,1.0,8.0
0,13,7542,30-23-20-50-29-16-46-44-34-35-36-39-40-38-37-48-24-5-15-6-4-25-12-28-27-26-47-14-13-52-11-51-33-43-10-9-8-41-19-45-32-49-1-22-31-18-3-17-21-42-2-7-30,7571,1000000,0,0.01923076994717121,0.9116828441619873,0.9807692170143127,1.0,8.0
0,2,7542,2-7-42-30-23-20-50-29-16-46-44-34-35-36-39-37-40-38-48-24-5-15-6-4-25-12-28-27-26-47-13-14-52-11-51-33-43-10-9-8-41-19-45-32-49-1-22-31-18-3-17-21-2,7574,1000000,0,0.01923076994717121,0.9116828441619873,0.9807692170143127,1.0,8.0
0,5,7542,16-46-44-34-35-36-39-40-38-37-48-24-5-15-6-4-25-12-28-27-26-47-13-14-52-11-51-33-43-10-9-8-41-19-45-32-49-1-22-31-18-3-17-21-42-7-2-30-23-20-50-29-16,7547,1000000,0,0.01923076994717121,0.9116828441619873,0.9807692170143127,1.0,8.0
0,10,7542,2-7-42-30-23-50-20-29-16-46-44-34-35-36-39-40-37-38-48-24-5-15-6-4-25-12-28-27-26-47-14-13-52-11-51-33-43-10-9-8-41-19-45-32-49-1-22-31-18-3-17-21-2,7622,1000000,0,0.01923076994717121,0.9116828441619873,0.9807692170143127,1.0,8.0
0,11,7542,46-44-34-35-36-39-40-38-37-48-24-5-15-6-4-25-12-28-27-26-47-14-13-52-11-51-33-43-10-9-8-41-19-45-32-49-1-22-31-18-3-17-21-42-7-2-30-23-20-50-29-16-46,7548,1000000,0,0.01923076994717121,0.9116828441619873,0.9807692170143127,1.0,8.0
0,7,7542,23-20-50-29-16-46-44-34-35-36-39-40-37-38-48-24-15-5-6-4-25-12-28-27-26-47-13-14-52-11-51-33-43-10-9-8-41-19-45-32-49-1-22-31-18-3-17-21-42-7-2-30-23,7561,1000000,0,0.01923076994717121,0.9116828441619873,0.9807692170143127,1.0,8.0
0,8,7542,23-20-50-29-16-46-44-34-35-36-39-40-38-37-48-24-5-15-6-4-25-12-28-27-26-47-13-14-52-11-51-33-43-10-9-8-41-19-45-32-49-1-22-31-18-3-17-21-42-7-2-30-23,7547,1000000,0,0.01923076994717121,0.9116828441619873,0.9807692170143127,1.0,8.0
0,17,7542,23-20-50-29-16-46-44-34-35-36-39-40-38-37-48-24-5-15-6-4-25-12-28-27-26-47-13-14-52-11-51-33-43-10-9-8-41-19-45-32-49-1-22-31-18-3-17-21-42-7-2-30-23,7547,1000000,0,0.01923076994717121,0.9116828441619873,0.9807692170143127,1.0,8.0
0,14,7542,23-20-50-29-16-46-44-34-35-36-39-40-38-37-48-24-5-15-6-4-25-12-28-27-26-47-13-14-52-11-51-33-43-10-9-8-41-19-45-32-49-1-22-31-18-3-17-21-42-7-2-30-23,7547,1000000,0,0.01923076994717121,0.9116828441619873,0.9807692170143127,1.0,8.0
0,18,7542,29-16-46-44-34-35-36-39-40-38-37-48-24-5-15-6-4-25-12-28-27-26-47-13-14-52-11-51-33-43-10-9-8-41-19-45-32-49-1-22-31-18-3-17-21-42-7-2-30-23-20-50-29,7547,1000000,0,0.01923076994717121,0.9116828441619873,0.9807692170143127,1.0,8.0
0,23,7542,16-46-44-34-35-36-39-40-38-37-48-24-5-15-6-4-25-12-28-27-26-47-13-14-52-11-51-33-43-10-9-8-41-19-45-32-49-1-22-31-18-3-17-21-42-7-2-30-23-20-50-29-16,7547,1000000,0,0.01923076994717121,0.9116828441619873,0.9807692170143127,1.0,8.0
0,22,7542,23-20-50-29-16-46-44-34-35-36-39-40-38-37-48-24-5-15-6-4-25-12-28-27-26-47-13-14-52-11-51-33-43-10-9-8-41-19-45-32-49-1-22-31-18-3-17-21-42-7-2-30-23,7547,1000000,0,0.01923076994717121,0.9116828441619873,0.9807692170143127,1.0,8.0
0,24,7542,23-20-50-29-16-46-44-34-35-36-39-40-38-37-24-48-5-15-6-4-25-12-28-27-26-47-13-14-52-11-51-33-43-9-10-8-41-19-45-32-49-1-22-31-18-3-17-21-42-7-2-30-23,7648,1000000,0,0.01923076994717121,0.9116828441619873,0.9807692170143127,1.0,8.0
0,25,7542,23-20-50-29-16-46-44-34-35-36-39-40-38-37-48-24-5-15-6-4-25-12-28-27-26-47-13-14-52-11-51-33-43-10-9-8-41-19-45-32-49-1-22-31-18-3-17-21-42-7-2-30-23,7547,1000000,0,0.01923076994717121,0.9116828441619873,0.9807692170143127,1.0,8.0
0,26,7542,30-23-20-50-29-16-46-44-34-35-36-39-40-38-37-48-24-5-15-6-4-25-12-28-27-26-47-13-14-52-11-51-33-43-10-9-8-41-19-45-32-49-1-22-31-18-3-17-21-42-7-2-30,7547,1000000,0,0.01923076994717121,0.9116828441619873,0.9807692170143127,1.0,8.0
0,27,7542,2-7-42-30-23-20-50-29-16-46-44-35-36-34-39-40-38-37-24-48-5-15-6-4-25-12-28-27-26-47-13-14-52-11-51-33-43-10-9-8-41-19-45-32-49-1-22-31-18-3-17-21-2,7641,1000000,0,0.01923076994717121,0.9116828441619873,0.9807692170143127,1.0,8.0
0,28,7542,16-46-44-34-35-36-39-40-38-37-48-24-5-15-6-4-25-12-28-27-26-47-13-14-52-11-51-33-43-10-9-8-41-19-45-32-49-1-22-31-18-3-17-21-42-7-2-30-23-20-50-29-16,7547,1000000,0,0.01923076994717121,0.9116828441619873,0.9807692170143127,1.0,8.0
0,30,7542,30-23-20-50-29-16-46-44-35-36-34-39-40-38-37-48-24-5-15-6-4-25-12-28-27-26-47-13-14-52-11-51-33-43-10-9-8-41-19-45-32-49-1-22-31-18-3-17-21-2-7-42-30,7619,1000000,0,0.01923076994717121,0.9116828441619873,0.9807692170143127,1.0,8.0
0,31,7542,29-16-46-44-34-35-36-39-40-38-37-48-24-5-15-6-4-25-12-28-27-26-47-13-14-52-11-51-33-43-10-9-8-41-19-45-32-49-1-22-31-18-3-17-21-42-7-2-30-23-20-50-29,7547,1000000,0,0.01923076994717121,0.9116828441619873,0.9807692170143127,1.0,8.0
0,29,7542,23-20-50-29-16-46-44-34-35-36-39-40-38-37-48-24-5-15-6-4-25-12-28-27-26-47-14-13-52-11-51-33-43-10-9-8-41-19-45-32-49-1-22-31-18-3-17-21-42-7-2-30-23,7548,1000000,0,0.01923076994717121,0.9116828441619873,0.9807692170143127,1.0,8.0
0,33,7542,19-45-32-49-1-22-31-18-3-17-21-42-7-2-30-23-20-50-29-16-46-44-34-35-36-39-40-38-37-48-24-5-15-6-4-25-12-28-27-26-47-13-14-52-11-51-33-43-10-9-8-41-19,7547,1000000,0,0.01923076994717121,0.9116828441619873,0.9807692170143127,1.0,8.0
0,35,7542,23-20-50-29-16-46-44-34-35-36-39-37-40-38-24-48-5-15-6-4-25-12-28-27-26-47-13-14-52-11-51-33-43-10-9-8-41-19-45-32-49-1-22-31-18-3-17-21-42-7-2-30-23,7558,1000000,0,0.01923076994717121,0.9116828441619873,0.9807692170143127,1.0,8.0
0,34,7542,46-44-34-35-36-39-40-38-37-48-24-5-15-6-4-25-12-28-27-26-47-13-14-52-11-51-33-43-10-9-8-41-19-45-32-49-1-22-31-18-3-17-21-42-7-2-30-23-20-50-29-16-46,7547,1000000,0,0.01923076994717121,0.9116828441619873,0.9807692170143127,1.0,8.0
0,38,7542,29-16-46-44-34-35-36-39-40-38-37-48-24-5-15-6-4-25-12-28-27-26-47-13-14-52-11-51-33-43-10-9-8-41-19-45-32-49-1-22-31-18-3-17-21-42-7-2-30-23-20-50-29,7547,1000000,0,0.01923076994717121,0.9116828441619873,0.9807692170143127,1.0,8.0
0,39,7542,42-7-2-30-23-20-50-29-16-46-44-34-35-36-39-40-38-37-48-24-5-15-6-4-25-12-28-27-26-47-13-14-52-11-51-33-43-10-9-8-41-19-45-32-49-1-22-31-18-3-17-21-42,7547,1000000,0,0.01923076994717121,0.9116828441619873,0.9807692170143127,1.0,8.0
0,40,7542,29-16-46-44-34-35-36-39-40-38-37-48-24-5-15-6-4-25-12-28-27-26-47-13-14-52-11-51-33-43-10-9-8-41-19-45-32-49-1-22-31-18-3-17-21-42-7-2-30-23-20-50-29,7547,1000000,0,0.01923076994717121,0.9116828441619873,0.9807692170143127,1.0,8.0
0,36,7542,42-7-2-30-23-20-50-29-16-46-44-35-36-34-39-40-37-38-24-48-5-15-6-4-25-12-28-27-26-47-14-13-52-11-51-33-43-10-9-8-41-19-45-32-49-1-22-31-18-3-17-21-42,7599,1000000,0,0.01923076994717121,0.9116828441619873,0.9807692170143127,1.0,8.0
0,37,7542,16-46-44-34-35-36-39-40-38-37-48-24-5-15-6-4-25-12-28-27-26-47-13-14-52-11-51-33-43-10-9-8-41-19-45-32-49-1-22-31-18-3-17-21-42-7-2-30-23-20-50-29-16,7547,1000000,0,0.01923076994717121,0.9116828441619873,0.9807692170143127,1.0,8.0
0,41,7542,46-44-34-35-36-39-40-38-37-48-24-5-15-6-4-25-12-28-27-26-47-13-14-52-11-51-33-43-10-9-8-41-19-45-32-49-1-22-31-18-3-17-21-42-7-2-30-23-20-50-29-16-46,7547,1000000,0,0.01923076994717121,0.9116828441619873,0.9807692170143127,1.0,8.0
0,57,7542,30-23-20-50-29-16-46-44-34-35-36-39-40-37-38-48-24-5-15-6-4-25-12-28-27-26-47-13-14-52-11-51-33-43-10-9-8-41-19-45-32-49-1-22-31-18-3-17-21-42-7-2-30,7542,533428,0,0.01923076994717121,0.9116828441619873,0.9807692170143127,1.0,8.0
0,58,7542,30-23-20-50-29-16-46-44-34-35-36-39-40-37-38-48-24-5-15-6-4-25-12-28-27-26-47-13-14-52-11-51-33-43-10-9-8-41-19-45-32-49-1-22-31-18-3-17-21-42-7-2-30,7542,769623,0,0.01923076994717121,0.9116828441619873,0.9807692170143127,1.0,8.0
0,43,7542,42-7-2-30-23-20-50-29-16-46-44-34-35-36-39-40-38-37-48-24-5-15-6-4-25-12-28-27-26-47-13-14-52-11-51-33-43-10-9-8-41-19-45-32-49-1-22-31-18-3-17-21-42,7547,1000000,0,0.01923076994717121,0.9116828441619873,0.9807692170143127,1.0,8.0
0,54,7542,29-16-46-44-34-35-36-39-40-37-38-48-24-5-15-6-4-25-12-28-27-26-47-14-13-52-11-51-33-43-10-9-8-41-19-45-32-49-1-22-31-18-3-17-21-42-7-2-30-23-20-50-29,7543,1000000,0,0.01923076994717121,0.9116828441619873,0.9807692170143127,1.0,8.0
0,45,7542,16-46-44-34-35-36-39-40-38-37-48-24-5-15-6-4-25-12-28-27-26-47-13-14-52-11-51-33-43-10-9-8-41-19-45-32-49-1-22-31-18-3-17-21-42-7-2-30-23-20-50-29-16,7547,1000000,0,0.01923076994717121,0.9116828441619873,0.9807692170143127,1.0,8.0
0,47,7542,23-20-50-29-16-46-44-34-35-36-39-40-38-37-48-24-5-15-6-4-25-12-28-27-26-47-13-14-52-11-51-33-43-10-9-8-41-19-45-32-49-1-22-31-18-3-17-21-42-7-2-30-23,7547,1000000,0,0.01923076994717121,0.9116828441619873,0.9807692170143127,1.0,8.0
0,46,7542,42-7-2-30-23-20-50-29-16-46-44-34-35-36-39-40-38-37-48-24-5-15-6-4-25-12-28-27-26-47-13-14-52-11-51-33-43-10-9-8-41-19-45-32-49-1-22-31-18-3-17-21-42,7547,1000000,0,0.01923076994717121,0.9116828441619873,0.9807692170143127,1.0,8.0
0,51,7542,30-23-20-50-29-16-46-44-34-35-36-39-40-38-37-48-24-5-15-6-4-25-12-28-27-26-47-13-14-52-11-51-33-43-10-9-8-41-19-45-32-49-1-22-31-18-3-17-21-42-7-2-30,7547,1000000,0,0.01923076994717121,0.9116828441619873,0.9807692170143127,1.0,8.0
0,42,7542,42-7-2-30-23-20-50-29-16-46-44-34-35-36-39-37-40-38-24-48-5-15-6-4-25-12-28-27-26-47-13-14-52-11-51-33-43-10-9-8-41-19-45-32-49-1-22-31-18-3-17-21-42,7558,1000000,0,0.01923076994717121,0.9116828441619873,0.9807692170143127,1.0,8.0
0,48,7542,29-16-46-44-34-35-36-39-40-38-37-48-24-5-15-6-4-25-12-28-27-26-47-13-14-52-11-51-33-43-10-9-8-41-19-45-32-49-1-22-31-18-3-17-21-42-7-2-30-23-20-50-29,7547,1000000,0,0.01923076994717121,0.9116828441619873,0.9807692170143127,1.0,8.0
0,49,7542,16-46-44-34-35-36-39-40-38-37-48-24-5-15-6-4-25-12-28-27-26-47-13-14-52-11-51-33-43-10-9-8-41-19-45-32-49-1-22-31-18-3-17-21-42-7-2-30-23-20-50-29-16,7547,1000000,0,0.01923076994717121,0.9116828441619873,0.9807692170143127,1.0,8.0
0,50,7542,29-16-46-44-34-35-36-39-40-38-37-48-24-5-15-6-4-25-12-28-27-26-47-13-14-52-11-51-33-43-10-9-8-41-19-45-32-49-1-22-31-18-3-17-21-42-7-2-30-23-20-50-29,7547,1000000,0,0.01923076994717121,0.9116828441619873,0.9807692170143127,1.0,8.0
0,44,7542,42-7-2-30-23-20-50-29-16-46-44-34-35-36-39-40-38-37-48-24-5-15-6-4-25-12-28-27-26-47-13-14-52-11-51-33-43-10-9-8-41-19-45-32-49-1-22-31-18-3-17-21-42,7547,1000000,0,0.01923076994717121,0.9116828441619873,0.9807692170143127,1.0,8.0
0,55,7542,23-20-50-29-16-46-44-34-35-36-39-40-38-37-48-24-5-15-6-4-25-12-28-27-26-47-13-14-52-11-51-33-43-10-9-8-41-19-45-32-49-1-22-31-18-3-17-21-42-7-2-30-23,7547,1000000,0,0.01923076994717121,0.9116828441619873,0.9807692170143127,1.0,8.0
0,60,7542,30-23-20-50-29-16-46-44-34-35-36-39-40-38-37-48-24-5-15-6-4-25-12-28-27-26-47-14-13-52-11-51-33-43-10-9-8-41-19-45-32-49-1-22-31-18-3-17-21-42-7-2-30,7548,1000000,0,0.01923076994717121,0.9116828441619873,0.9807692170143127,1.0,8.0
0,52,7542,16-46-44-34-35-36-39-40-38-37-48-24-5-15-6-4-25-12-28-27-26-47-13-14-52-11-51-33-43-10-9-8-41-19-45-32-49-1-22-31-18-3-17-21-42-7-2-30-23-20-50-29-16,7547,1000000,0,0.01923076994717121,0.9116828441619873,0.9807692170143127,1.0,8.0
0,56,7542,42-7-2-30-23-20-50-29-16-46-44-34-35-36-39-40-38-37-48-24-5-15-6-4-25-12-28-27-26-47-13-14-52-11-51-33-43-10-9-8-41-19-45-32-49-1-22-31-18-3-17-21-42,7547,1000000,0,0.01923076994717121,0.9116828441619873,0.9807692170143127,1.0,8.0
0,59,7542,42-7-2-30-23-20-50-29-16-46-44-34-35-36-39-40-38-37-48-24-5-15-6-4-25-12-28-27-26-47-13-14-52-11-51-33-43-10-9-8-41-19-45-32-49-1-22-31-18-3-17-21-42,7547,1000000,0,0.01923076994717121,0.9116828441619873,0.9807692170143127,1.0,8.0
0,63,7542,42-7-2-30-23-20-50-29-16-46-44-34-35-36-39-40-38-37-48-24-5-15-6-4-25-12-28-27-26-47-13-14-52-11-51-33-43-10-9-8-41-19-45-32-49-1-22-31-18-3-17-21-42,7547,1000000,0,0.01923076994717121,0.9116828441619873,0.9807692170143127,1.0,8.0
0,53,7542,23-20-50-16-46-44-34-35-36-39-40-37-38-48-24-5-15-6-4-25-12-28-27-26-47-13-14-52-11-51-33-43-10-9-8-41-19-45-32-49-1-22-31-18-3-17-21-42-7-2-30-29-23,7657,1000000,0,0.01923076994717121,0.9116828441619873,0.9807692170143127,1.0,8.0
0,61,7542,30-23-20-50-29-16-46-44-34-35-36-39-40-38-37-48-24-5-15-6-4-25-12-28-27-26-47-14-13-52-11-51-33-43-10-9-8-41-19-45-32-49-1-22-31-18-3-17-21-42-7-2-30,7548,1000000,0,0.01923076994717121,0.9116828441619873,0.9807692170143127,1.0,8.0
0,62,7542,23-20-50-29-16-46-44-34-35-36-39-40-38-37-48-24-5-15-6-4-25-12-28-27-26-47-14-13-52-11-51-33-43-10-9-8-41-19-45-32-49-1-22-31-18-3-17-21-42-7-2-30-23,7548,1000000,0,0.01923076994717121,0.9116828441619873,0.9807692170143127,1.0,8.0
0,65,7542,30-23-20-50-29-16-46-44-34-35-36-39-40-38-37-48-24-5-15-6-4-25-12-28-27-26-47-13-14-52-11-51-33-43-10-9-8-41-19-45-32-49-1-22-31-18-3-17-21-42-7-2-30,7547,1000000,0,0.01923076994717121,0.9116828441619873,0.9807692170143127,1.0,8.0
0,66,7542,16-44-46-34-35-36-39-40-38-37-48-24-5-15-6-4-25-12-28-27-26-47-14-13-52-11-51-33-43-10-9-8-41-19-45-32-49-1-22-31-18-3-17-21-42-7-2-30-23-20-50-29-16,7605,1000000,0,0.01923076994717121,0.9116828441619873,0.9807692170143127,1.0,8.0
0,64,7542,30-23-20-50-29-16-46-44-34-35-36-39-40-38-37-48-24-5-15-6-4-25-12-28-27-26-47-13-14-52-11-51-33-43-10-9-8-41-19-45-32-49-1-22-31-18-3-17-21-42-7-2-30,7547,1000000,0,0.01923076994717121,0.9116828441619873,0.9807692170143127,1.0,8.0
0,85,7542,23-20-50-29-16-46-44-34-35-36-39-40-37-38-48-24-5-15-6-4-25-12-28-27-26-47-13-14-52-11-51-33-43-10-9-8-41-19-45-32-49-1-22-31-18-3-17-21-42-7-2-30-23,7542,197239,0,0.01923076994717121,0.9116828441619873,0.9807692170143127,1.0,8.0
0,67,7542,30-23-20-50-29-16-46-44-34-35-36-39-40-38-37-48-24-5-15-6-4-25-12-28-27-26-47-13-14-52-11-51-33-43-10-9-8-41-19-45-32-49-1-22-31-18-3-17-21-42-7-2-30,7547,1000000,0,0.01923076994717121,0.9116828441619873,0.9807692170143127,1.0,8.0
0,68,7542,7-2-42-30-23-20-50-29-16-46-44-34-35-36-39-40-38-37-48-24-5-15-6-4-25-12-28-27-26-47-13-14-52-11-51-33-43-10-9-8-41-19-45-32-49-1-22-31-18-3-17-21-7,7571,1000000,0,0.01923076994717121,0.9116828441619873,0.9807692170143127,1.0,8.0
0,71,7542,16-46-44-34-35-36-39-40-38-37-48-24-5-15-6-4-25-12-28-27-26-47-13-14-52-11-51-33-43-10-9-8-41-19-45-32-49-1-22-31-18-3-17-21-42-7-2-30-23-20-50-29-16,7547,1000000,0,0.01923076994717121,0.9116828441619873,0.9807692170143127,1.0,8.0
0,69,7542,16-46-44-34-35-36-39-40-38-37-48-24-5-15-6-4-25-12-28-27-26-47-13-14-52-11-51-33-43-10-9-8-41-19-45-32-49-1-22-31-18-3-17-21-42-7-2-30-23-20-50-29-16,7547,1000000,0,0.01923076994717121,0.9116828441619873,0.9807692170143127,1.0,8.0
0,70,7542,29-16-46-44-34-35-36-39-40-38-37-48-24-5-15-6-4-25-12-28-27-26-47-13-14-52-11-51-33-43-10-9-8-41-19-45-32-49-1-22-31-18-3-17-21-42-7-2-30-23-20-50-29,7547,1000000,0,0.01923076994717121,0.9116828441619873,0.9807692170143127,1.0,8.0
0,72,7542,16-46-44-34-35-36-39-40-38-37-48-24-5-15-6-4-25-12-28-27-26-47-13-14-52-11-51-33-43-10-9-8-41-19-45-32-49-1-22-31-18-3-17-21-42-7-2-30-23-20-50-29-16,7547,1000000,0,0.01923076994717121,0.9116828441619873,0.9807692170143127,1.0,8.0
0,73,7542,42-7-2-30-23-20-50-29-16-46-44-34-35-36-39-37-40-38-5-15-6-24-48-4-25-12-28-27-26-47-13-14-52-11-51-33-43-10-9-8-41-19-45-32-49-1-22-31-18-3-17-21-42,7641,1000000,0,0.01923076994717121,0.9116828441619873,0.9807692170143127,1.0,8.0
0,74,7542,23-20-50-29-16-46-44-34-35-36-39-40-38-37-48-24-5-15-6-4-25-12-28-27-26-47-13-14-52-11-51-33-43-10-9-8-41-19-45-32-49-1-22-31-18-3-17-21-42-7-2-30-23,7547,1000000,0,0.01923076994717121,0.9116828441619873,0.9807692170143127,1.0,8.0
0,75,7542,30-23-20-50-29-16-46-44-34-35-36-39-40-38-37-48-24-5-15-6-4-25-12-28-27-26-47-13-14-52-11-51-33-43-10-9-8-41-19-45-32-49-1-22-31-18-3-17-21-42-7-2-30,7547,1000000,0,0.01923076994717121,0.9116828441619873,0.9807692170143127,1.0,8.0
0,77,7542,29-16-46-44-34-35-36-39-40-38-37-48-24-5-15-6-4-25-12-28-27-26-47-13-14-52-11-51-33-43-10-9-8-41-19-45-32-49-1-22-31-18-3-17-21-42-7-2-30-23-20-50-29,7547,1000000,0,0.01923076994717121,0.9116828441619873,0.9807692170143127,1.0,8.0
0,80,7542,32-49-1-22-31-18-3-17-21-42-2-7-30-23-20-50-29-16-46-44-34-35-36-39-40-38-37-48-24-5-15-6-4-25-12-28-27-26-47-14-13-52-11-51-33-43-10-9-8-41-19-45-32,7571,1000000,0,0.01923076994717121,0.9116828441619873,0.9807692170143127,1.0,8.0
0,76,7542,29-16-46-44-34-35-36-39-40-38-37-48-24-5-15-6-4-25-12-28-27-26-47-13-14-52-11-51-33-43-10-9-8-41-19-45-32-49-1-22-31-18-3-17-21-42-7-2-30-23-20-50-29,7547,1000000,0,0.01923076994717121,0.9116828441619873,0.9807692170143127,1.0,8.0
0,78,7542,46-44-34-35-36-39-40-38-37-48-24-5-15-6-4-25-12-28-27-26-47-13-14-52-11-51-33-43-10-9-41-8-19-45-32-49-1-22-31-18-3-17-21-42-7-2-30-23-20-50-29-16-46,7637,1000000,0,0.01923076994717121,0.9116828441619873,0.9807692170143127,1.0,8.0
0,79,7542,30-23-20-50-29-16-46-44-34-35-36-39-37-40-38-24-48-5-15-6-4-25-12-28-27-26-47-13-14-52-11-51-33-43-10-9-8-41-19-45-32-49-1-22-31-18-3-17-21-42-7-2-30,7558,1000000,0,0.01923076994717121,0.9116828441619873,0.9807692170143127,1.0,8.0
0,81,7542,42-7-2-30-23-20-50-29-16-46-44-34-35-36-39-40-38-37-48-24-5-15-6-4-25-12-28-27-26-47-13-14-52-11-51-33-43-10-9-8-41-19-45-32-49-1-22-31-18-3-17-21-42,7547,1000000,0,0.01923076994717121,0.9116828441619873,0.9807692170143127,1.0,8.0
0,82,7542,16-46-44-34-35-36-39-40-38-37-48-24-5-15-6-4-25-12-28-27-26-47-13-14-52-11-51-33-43-10-9-8-41-19-45-32-49-1-22-31-18-3-17-21-42-7-2-30-23-20-50-29-16,7547,1000000,0,0.01923076994717121,0.9116828441619873,0.9807692170143127,1.0,8.0
0,83,7542,30-23-20-50-29-16-46-44-34-35-36-39-40-38-37-48-24-5-15-6-4-25-12-28-27-26-47-13-14-52-11-51-33-43-10-9-8-41-19-45-32-49-1-22-31-18-3-17-21-42-7-2-30,7547,1000000,0,0.01923076994717121,0.9116828441619873,0.9807692170143127,1.0,8.0
0,87,7542,19-45-32-49-1-22-31-18-3-17-21-42-7-2-30-23-20-50-29-16-46-44-34-35-36-39-40-37-38-48-24-5-15-6-4-25-12-28-27-26-47-13-14-52-11-51-33-43-10-9-8-41-19,7542,971606,0,0.01923076994717121,0.9116828441619873,0.9807692170143127,1.0,8.0
0,90,7542,30-23-20-50-29-16-46-44-34-35-36-39-40-38-37-48-24-5-15-6-4-25-12-28-27-26-47-13-14-52-11-51-33-43-10-9-8-41-19-45-32-49-1-22-31-18-3-17-21-42-7-2-30,7547,1000000,0,0.01923076994717121,0.9116828441619873,0.9807692170143127,1.0,8.0
0,84,7542,16-46-44-34-35-36-39-40-38-37-48-24-5-15-6-4-25-12-28-27-26-47-13-14-52-11-51-33-43-10-9-8-41-19-45-32-49-1-22-31-18-3-17-21-42-7-2-30-23-20-50-29-16,7547,1000000,0,0.01923076994717121,0.9116828441619873,0.9807692170143127,1.0,8.0
0,86,7542,30-23-20-50-29-16-46-44-34-35-36-39-40-38-37-48-24-5-15-6-4-25-12-28-27-26-47-13-14-52-11-51-33-43-10-9-8-41-19-45-32-49-1-22-31-18-3-17-21-42-7-2-30,7547,1000000,0,0.01923076994717121,0.9116828441619873,0.9807692170143127,1.0,8.0
0,93,7542,16-46-44-34-35-36-39-40-38-37-48-24-5-15-6-4-25-12-28-27-26-47-13-14-52-11-51-33-43-10-9-8-41-19-45-32-49-1-22-31-18-3-17-21-42-7-2-30-23-20-50-29-16,7547,1000000,0,0.01923076994717121,0.9116828441619873,0.9807692170143127,1.0,8.0
0,94,7542,30-23-20-50-29-16-46-44-34-35-36-39-40-38-37-48-24-5-15-6-4-25-12-28-27-26-47-13-14-52-11-51-33-43-10-9-8-41-19-45-32-49-1-22-31-18-3-17-21-42-7-2-30,7547,1000000,0,0.01923076994717121,0.9116828441619873,0.9807692170143127,1.0,8.0
0,96,7542,30-23-20-50-29-16-46-44-34-35-36-39-37-40-38-24-48-5-15-6-4-25-12-28-27-26-47-14-13-52-11-51-33-43-10-9-8-41-19-45-32-49-1-22-31-18-3-17-21-42-7-2-30,7559,1000000,0,0.01923076994717121,0.9116828441619873,0.9807692170143127,1.0,8.0
0,88,7542,42-7-2-30-23-20-50-29-16-46-44-34-35-36-39-40-38-37-48-24-5-15-6-4-25-12-28-27-26-47-13-14-52-11-51-33-43-10-9-8-41-19-45-32-49-1-22-31-18-3-17-21-42,7547,1000000,0,0.01923076994717121,0.9116828441619873,0.9807692170143127,1.0,8.0
0,91,7542,23-20-50-29-16-46-44-34-35-36-39-40-38-37-48-24-5-15-6-4-25-12-28-27-26-47-13-14-52-11-51-33-43-10-9-8-41-19-45-32-49-1-22-31-18-3-17-21-42-7-2-30-23,7547,1000000,0,0.01923076994717121,0.9116828441619873,0.9807692170143127,1.0,8.0
0,92,7542,42-7-2-30-23-20-50-29-16-46-44-34-35-36-39-40-38-37-48-24-5-15-6-4-25-12-28-27-26-47-13-14-52-11-51-33-43-10-9-8-41-19-45-32-49-1-22-31-18-3-17-21-42,7547,1000000,0,0.01923076994717121,0.9116828441619873,0.9807692170143127,1.0,8.0
0,89,7542,30-23-20-50-29-16-46-44-34-35-36-39-40-38-37-48-24-5-15-6-4-25-12-28-27-26-47-13-14-52-11-51-33-43-10-9-8-41-19-45-32-49-1-22-31-18-3-17-21-42-7-2-30,7547,1000000,0,0.01923076994717121,0.9116828441619873,0.9807692170143127,1.0,8.0
0,95,7542,23-20-50-29-16-46-44-34-35-36-39-40-38-37-48-24-5-15-6-4-25-12-28-27-26-47-13-14-52-11-51-33-43-10-9-8-41-19-45-32-49-1-22-31-18-3-17-21-42-7-2-30-23,7547,1000000,0,0.01923076994717121,0.9116828441619873,0.9807692170143127,1.0,8.0
0,97,7542,42-7-2-30-23-20-50-29-16-46-44-34-35-36-39-40-38-37-48-24-5-15-6-4-25-12-28-27-26-47-14-13-52-11-51-33-43-10-9-8-41-19-45-32-49-1-22-31-18-3-17-21-42,7548,1000000,0,0.01923076994717121,0.9116828441619873,0.9807692170143127,1.0,8.0
0,99,7542,42-7-2-30-23-20-50-29-16-46-44-34-35-36-39-37-40-38-48-24-5-15-6-4-25-12-28-27-26-47-13-14-52-11-51-33-43-10-9-8-41-19-45-32-49-1-22-31-18-3-17-21-42,7547,1000000,0,0.01923076994717121,0.9116828441619873,0.9807692170143127,1.0,8.0
0,98,7542,33-43-10-9-8-41-19-45-32-49-1-22-31-18-3-17-21-42-7-2-30-23-20-50-29-16-46-44-34-35-36-39-40-38-37-48-24-5-15-6-4-25-12-28-27-26-47-13-14-52-11-51-33,7547,1000000,0,0.01923076994717121,0.9116828441619873,0.9807692170143127,1.0,8.0
